<?xml version="1.0" encoding="UTF-8"?>

<beans xmlns="http://www.springframework.org/schema/beans"
		xmlns:xsi="http://www.w3.org/2001/XMLSchema-instance"
		xmlns:context="http://www.springframework.org/schema/context"
		xsi:schemaLocation="http://www.springframework.org/schema/beans 
								 http://www.springframework.org/schema/beans/spring-beans.xsd
								 http://www.springframework.org/schema/context
								 http://www.springframework.org/schema/context/spring-context.xsd">


	<context:component-scan base-package="com.model2.mvc.web">
		<context:include-filter type="annotation" expression="org.springframework.stereotype.Controller"/>
		<context:exclude-filter type="annotation" expression="org.springframework.stereotype.Service"/>
		<context:exclude-filter type="annotation" expression="org.springframework.stereotype.Repository"/>
	</context:component-scan>
	
	<bean class="org.springframework.web.servlet.mvc.method.annotation.RequestMappingHandlerMapping">
		<property name="order" value="0"/>
		<property name="interceptors" ref="controllerLog"/>
	</bean>
	
	<bean id="controllerLog" class="com.model2.mvc.common.web.ControllerLog"/>
	
	<bean id="viewResolver" class="org.springframework.web.servlet.view.InternalResourceViewResolver"/>
	
	<!-- <bean id="exceptionResolver" class="org.springframework.web.servlet.handler.SimpleMappingExceptionResolver">
		<property name="exceptionMappings">
			<props>
				<prop key="java.lang.NullPointerException">/common/nullError.jsp</prop>
				<prop key="java.lang.NumberFormatException">/common/numberFormatError.jsp</prop>
			</props>
		</property>
		<property name="defaultErrorView" value="/common/error.jsp"/>
	</bean> -->
	
</beans>