<?xml version="1.0" encoding="UTF-8"?>

<beans xmlns="http://www.springframework.org/schema/beans"
		xmlns:xsi="http://www.w3.org/2001/XMLSchema-instance"
		xmlns:context="http://www.springframework.org/schema/context"
		xmlns:tx="http://www.springframework.org/schema/tx"
		xmlns:aop="http://www.springframework.org/schema/aop"
		xsi:schemaLocation="http://www.springframework.org/schema/beans 
								http://www.springframework.org/schema/beans/spring-beans.xsd
								http://www.springframework.org/schema/context
								http://www.springframework.org/schema/context/spring-context.xsd
								http://www.springframework.org/schema/tx
								http://www.springframework.org/schema/tx/spring-tx.xsd
								http://www.springframework.org/schema/aop
								http://www.springframework.org/schema/aop/spring-aop.xsd">

	<bean id="propertyConfigurer" class="org.springframework.beans.factory.config.PropertyPlaceholderConfigurer">
		<property name="location" value="classpath:config/jdbc.properties"/>
	</bean>
	
	<bean id="dataSource" class="org.apache.commons.dbcp.BasicDataSource">
		<property name="driverClassName" value="${jdbc.driverClassName}"/>
		<property name="url" value="${jdbc.url}"/>
		<property name="username" value="${jdbc.username}"/>
		<property name="password" value="${jdbc.password}"/>
		<property name="maxActive" value="${jdbc.maxActive}"/>
		<property name="initialSize" value="${jdbc.initialSize}"/>
	</bean>
	
	<bean id="transactionManager" class="org.springframework.jdbc.datasource.DataSourceTransactionManager">
		<property name="dataSource" ref="dataSource"/>
	</bean>
	
	<tx:advice id="txAdvice" transaction-manager="transactionManager">
		<tx:attributes>
			<tx:method name="get*" propagation="REQUIRED" read-only="true"/>
			<tx:method name="add*" propagation="REQUIRED"/>
			<tx:method name="update*" propagation="REQUIRED"/>
		</tx:attributes>
	</tx:advice>
	
	<aop:config>
		<aop:pointcut expression="execution(* com.model2.mvc.service..*ServiceImpl*.*(..))" id="txPointcut"/>
		<aop:advisor advice-ref="txAdvice" pointcut-ref="txPointcut"/>
	</aop:config>
	
</beans>