<?xml version="1.0" encoding="UTF-8" ?>

<!DOCTYPE mapper
		PUBLIC "-//mybatis.org//DTD Mapper 3.0//EN"
		"http://mybatis.org/dtd/mybatis-3-mapper.dtd">
				
<mapper namespace="UserMapper">

  	<resultMap type="com.model2.mvc.service.domain.User" id="userSelectMap">
  		<result property="userId"	column="user_id"	jdbcType="VARCHAR"/>
  		<result property="userName"	column="user_name"	jdbcType="VARCHAR"/>
  		<result property="password"	column="password"	jdbcType="VARCHAR"/>
  		<result property="role"		column="role"		jdbcType="VARCHAR"/>
  		<result property="ssn"		column="ssn"		jdbcType="VARCHAR"/>
  		<result property="phone"	column="cell_phone"	jdbcType="VARCHAR"/>
  		<result property="addr"		column="addr"		jdbcType="VARCHAR"/>
  		<result property="email"	column="email"		jdbcType="VARCHAR"/>
  		<result property="regDate"	column="reg_date"	jdbcType="DATE"/>
  		<result property="rowNum"	column="row_num"	jdbcType="VARCHAR"/>
  	</resultMap>
  	
  	<insert id="addUser" parameterType="user">
  		INSERT 
  		INTO users(user_id,user_name,password,role,ssn,cell_phone,addr,email,reg_date) 
  		VALUES(#{userId:VARCHAR},
  				#{userName:VARCHAR},
  				#{password:VARCHAR},
  				'user',
  				#{ssn:VARCHAR},
  				#{phone:VARCHAR},
  				#{addr:VARCHAR},
  				#{email:VARCHAR},
  				SYSDATE) 
  	</insert>
  	
  	<select id="getUser" parameterType="java.lang.String" resultMap="userSelectMap">
  		SELECT
  		user_id,user_name,password,role,ssn,cell_phone,addr,email,reg_date
  		FROM users
  		<where>
  			user_id = #{userId}
  		</where>
  		ORDER BY user_id
  	</select>
  	
  	<sql id="getUserListSql">
  		SELECT
  		user_id,user_name,password,role,ssn,cell_phone,addr,email,reg_date
  		FROM users
  		<where>
  			<if test="searchCondition!=null">
  				<choose>
  					<when test="searchCondition==0">
  						user_id LIKE '%'||#{searchKeyword}||'%'
  					</when>
  					<when test="searchCondition==1">
  						user_name = #{searchKeyword}
  					</when>
  				</choose>
  			</if>
  		</where>
  		ORDER BY user_id
  	</sql>
  	
  	<select id="getTotalCount" parameterType="com.model2.mvc.common.Search" resultType="int">
  		SELECT COUNT(*) FROM (
  		<include refid="getUserListSql"/>
  		)
  	</select>
  	
  	<select id="getUserList" parameterType="com.model2.mvc.common.Search" resultMap="userSelectMap">
  		SELECT * FROM (
  			SELECT ROWNUM row_num, vt.* FROM (
  				<include refid="getUserListSql"/>
  			) vt
  			WHERE ROWNUM &lt;= #{currentPage}*#{pageSize}
  		)
  		<where>
  			row_num >= ((#{currentPage}-1)*#{pageSize}+1)
  		</where>
  	</select>
  	
  	<update id="updateUser" parameterType="user">
  		UPDATE users
  		<set>
  			user_name = #{userName:VARCHAR},
  			cell_phone = #{phone:VARCHAR},
  			addr = #{addr:VARCHAR},
  			email = #{email:VARCHAR},
  		</set>
  		<where>
  			user_id = #{userId}
  		</where>
  	</update>
  	
</mapper>